{"cameraMode":{"drawMode":0,"name":"Shaded","section":"Shading Mode"},"sceneLighting":false,"audioPlay":false,"sceneViewState":{"m_AlwaysRefresh":false,"showFog":true,"showSkybox":false,"showFlares":true,"showImageEffects":true,"showParticleSystems":true,"showVisualEffectGraphs":true,"m_FxEnabled":true},"in2DMode":false,"pivot":{"x":0.009878158569335938,"y":0.060880184173583987,"z":0.9388376474380493},"rotation":{"x":0.15197092294692994,"y":0.6842549443244934,"z":-0.14905020594596864,"w":0.6975131034851074},"size":8.413196563720704,"orthographic":false}