{"cameraMode":{"drawMode":0,"name":"Shaded","section":"Shading Mode"},"sceneLighting":true,"audioPlay":false,"sceneViewState":{"m_AlwaysRefresh":false,"showFog":true,"showSkybox":true,"showFlares":true,"showImageEffects":true,"showParticleSystems":true,"showVisualEffectGraphs":true,"m_FxEnabled":true},"in2DMode":false,"pivot":{"x":-487.2749328613281,"y":29.516355514526368,"z":1230.309326171875},"rotation":{"x":0.07233957946300507,"y":-0.2743215560913086,"z":0.020687608048319818,"w":0.9587054252624512},"size":14.026084899902344,"orthographic":false}