{"cameraMode":{"drawMode":0,"name":"Shaded","section":"Shading Mode"},"sceneLighting":true,"audioPlay":false,"sceneViewState":{"m_AlwaysRefresh":false,"showFog":true,"showSkybox":true,"showFlares":true,"showImageEffects":true,"showParticleSystems":true,"showVisualEffectGraphs":true,"m_FxEnabled":true},"in2DMode":false,"pivot":{"x":-246.95335388183595,"y":142.3383026123047,"z":887.1961059570313},"rotation":{"x":0.11990104615688324,"y":-0.04435201734304428,"z":0.005367957055568695,"w":0.9917932748794556},"size":42.3502082824707,"orthographic":false}